{
    "start_pos": [
        [
            0.0,
            8.673617379884035e-19,
            0.0
        ],
        [
            -0.06310826134254846,
            -0.00761140028702431,
            -0.002573765479421678
        ],
        [
            0.06981291954343852,
            0.004258919742130262,
            0.005474910296807492
        ]
    ],
    "end_pos": [
        [
            1.3877787807814457e-17,
            8.673617379884035e-19,
            0.052978530526161194
        ],
        [
            -0.052294284188024766,
            -0.005282557146647148,
            0.04909024895516967
        ],
        [
            0.057096597652604,
            0.0036761793255986287,
            0.056828834639242924
        ]
    ],
    "up_pos": [
        [
            1.3877787807814457e-17,
            0.02500000000000001,
            0.052978530526161194
        ],
        [
            -0.05118770206025973,
            0.019656114842974276,
            0.04773447342448753
        ],
        [
            0.05664007936896511,
            0.028671428845732715,
            0.05699942548094841
        ]
    ],
    "fov": 80.06257509811209
}